<?xml version="1.0" encoding="UTF-8"?>
<project-private xmlns="http://www.netbeans.org/ns/project-private/1">
    <editor-bookmarks xmlns="http://www.netbeans.org/ns/editor-bookmarks/2" lastBookmarkId="0"/>
    <open-files xmlns="http://www.netbeans.org/ns/projectui-open-files/2">
        <group>
            <file>file:/C:/Users/acer/OneDrive/Documents/NetbeansProject/LoginAndRegister/src/LoginForm.java</file>
            <file>file:/C:/Users/acer/OneDrive/Documents/NetbeansProject/LoginAndRegister/src/aluministudent.java</file>
            <file>file:/C:/Users/acer/OneDrive/Documents/NetbeansProject/LoginAndRegister/src/RegisterForm.java</file>
            <file>file:/C:/Users/acer/OneDrive/Documents/NetbeansProject/LoginAndRegister/src/regularstudent.java</file>
            <file>file:/C:/Users/acer/OneDrive/Documents/NetbeansProject/LoginAndRegister/src/HOME_JFrame.java</file>
            <file>file:/C:/Users/acer/OneDrive/Documents/NetbeansProject/LoginAndRegister/src/aboutus.java</file>
            <file>file:/C:/Users/acer/OneDrive/Documents/NetbeansProject/LoginAndRegister/src/MyConnection.java</file>
        </group>
    </open-files>
</project-private>
